SID,VISITOR,NAME,VISITORs DOB
A1234123,Mickey Mouse,Boss Mouse,3/15/1925
A1234123,Minnie Mouse,Boss Mouse,4/15/1926
A1234123,Baby Mouse,Boss Mouse,5/15/1955
A7889952,Daffy Duck,Porky Pig,2/21/1966
A7889952,Bugs Bunny,Porky Pig,3/15/1965
A7896522,Hello Kitty,Dan Daniel,4/1/1999
A8885562,Poke Man,Pica Chu,5/25/1998
A7895223,Koko Head,Diamond Head,2/1/2001
A7895631,Star Bucks,Ward Warehouse,10/25/1965
A7895631,Sports Authority,Ward Warehouse,9/25/1955
A7895631,Jamba Juice,Ward Warehouse,8/25/1945
A1111111,Dare Devil,Net Flix,7/5/1982
A1111111,Jessica Jones,Net Flix,7/8/1988
